[
  {
    "recommended": "01/11/2021",
    "service": "Inspection before winter",
    "shedule": "15/10/2021"
  },
  {
    "recommended": "12/07/2021",
    "service": "Multi-Point Inspection",
    "shedule": "30/06/2021"
  },
  {
    "recommended": "14/02/2020",
    "service": "Inspection Before Annual Vehicle Licensing Test",
    "shedule": "01/02/2021"
  },
  {
    "recommended": "01/05/2021",
    "service": "Inspection before summer",
    "shedule": "15/04/2021"
  },
  {
    "recommended": "12/07/2023",
    "service": "Full service",
    "shedule": "01/02/2023"
  }
]