[ 
  {
  "id": 1,
  "lname": "Leanne",
  "fname": "Graham",
  "url": "https://via.placeholder.com/150/92c952",
  "email": "Sincere@april.biz",
  "pwd": "accu92c952"
  },
  {
  "id": 2,
  "lname": "Ervin",
  "fname": "Howell",
  "url": "https://via.placeholder.com/150/771796",
  "email": "Shanna@melissa.tv",
  "pwd": "repr771796"
  },
  {
  "id": 3,
  "lname": "Clementine",
  "fname": "Bauch",
  "url": "https://via.placeholder.com/150/24f355",
  "email": "Nathan@yesenia.net",
  "pwd": "offi24f355"
  }
]
